SHAIN_CD,SHIMEI,UMARE,SEX
10000001,氏名0001,2001/01/01,1
10000002,氏名0002,2001/01/02,2
10000003,氏名0003,2001/01/03,1
10000004,氏名0004,2001/01/04,2
10000005,氏名0005,2001/01/05,1
10000006,氏名0006,2001/01/06,2
10000007,氏名0007,2001/01/07,1
10000008,氏名0008,2001/01/08,2
10000009,氏名0009,2001/01/09,1
10000010,氏名0010,2001/01/10,2
10000011,氏名0011,2001/01/11,1
10000012,氏名0012,2001/01/12,2
10000013,氏名0013,2001/01/13,1
10000014,氏名0014,2001/01/14,2
10000015,氏名0015,2001/01/15,1
10000016,氏名0016,2001/01/16,2
10000017,氏名0017,2001/01/17,1
10000018,氏名0018,2001/01/18,2
10000019,氏名0019,2001/01/19,1
10000020,氏名0020,2001/01/20,2
10000021,氏名0021,2001/01/21,1
10000022,氏名0022,2001/01/22,2
10000023,氏名0023,2001/01/23,1
10000024,氏名0024,2001/01/24,2
10000025,氏名0025,2001/01/25,1
10000026,氏名0026,2001/01/26,2
10000027,氏名0027,2001/01/27,1
10000028,氏名0028,2001/01/28,2
10000029,氏名0029,2001/01/29,1
10000030,氏名0030,2001/01/30,2
10000031,氏名0031,2001/01/31,1
10000032,氏名0032,2001/02/01,2
10000033,氏名0033,2001/02/02,1
10000034,氏名0034,2001/02/03,2
10000035,氏名0035,2001/02/04,1
10000036,氏名0036,2001/02/05,2
10000037,氏名0037,2001/02/06,1
10000038,氏名0038,2001/02/07,2
10000039,氏名0039,2001/02/08,1
10000040,氏名0040,2001/02/09,2
10000041,氏名0041,2001/02/10,1
10000042,氏名0042,2001/02/11,2
10000043,氏名0043,2001/02/12,1
10000044,氏名0044,2001/02/13,2
10000045,氏名0045,2001/02/14,1
10000046,氏名0046,2001/02/15,2
10000047,氏名0047,2001/02/16,1
10000048,氏名0048,2001/02/17,2
10000049,氏名0049,2001/02/18,1
10000050,氏名0050,2001/02/19,2
10000051,氏名0051,2001/02/20,1
10000052,氏名0052,2001/02/21,2
10000053,氏名0053,2001/02/22,1
10000054,氏名0054,2001/02/23,2
10000055,氏名0055,2001/02/24,1
10000056,氏名0056,2001/02/25,2
10000057,氏名0057,2001/02/26,1
10000058,氏名0058,2001/02/27,2
10000059,氏名0059,2001/02/28,1
10000060,氏名0060,2001/03/01,2
10000061,氏名0061,2001/03/02,1
10000062,氏名0062,2001/03/03,2
10000063,氏名0063,2001/03/04,1
10000064,氏名0064,2001/03/05,2
10000065,氏名0065,2001/03/06,1
10000066,氏名0066,2001/03/07,2
10000067,氏名0067,2001/03/08,1
10000068,氏名0068,2001/03/09,2
10000069,氏名0069,2001/03/10,1
10000070,氏名0070,2001/03/11,2
10000071,氏名0071,2001/03/12,1
10000072,氏名0072,2001/03/13,2
10000073,氏名0073,2001/03/14,1
10000074,氏名0074,2001/03/15,2
10000075,氏名0075,2001/03/16,1
10000076,氏名0076,2001/03/17,2
10000077,氏名0077,2001/03/18,1
10000078,氏名0078,2001/03/19,2
10000079,氏名0079,2001/03/20,1
10000080,氏名0080,2001/03/21,2
10000081,氏名0081,2001/03/22,1
10000082,氏名0082,2001/03/23,2
10000083,氏名0083,2001/03/24,1
10000084,氏名0084,2001/03/25,2
10000085,氏名0085,2001/03/26,1
10000086,氏名0086,2001/03/27,2
10000087,氏名0087,2001/03/28,1
10000088,氏名0088,2001/03/29,2
10000089,氏名0089,2001/03/30,1
10000090,氏名0090,2001/03/31,2
10000091,氏名0091,2001/04/01,1
10000092,氏名0092,2001/04/02,2
10000093,氏名0093,2001/04/03,1
10000094,氏名0094,2001/04/04,2
10000095,氏名0095,2001/04/05,1
10000096,氏名0096,2001/04/06,2
10000097,氏名0097,2001/04/07,1
10000098,氏名0098,2001/04/08,2
10000099,氏名0099,2001/04/09,1
10000100,氏名0100,2001/04/10,2
10000101,氏名0101,2001/04/11,1
10000102,氏名0102,2001/04/12,2
10000103,氏名0103,2001/04/13,1
10000104,氏名0104,2001/04/14,2
10000105,氏名0105,2001/04/15,1
10000106,氏名0106,2001/04/16,2
10000107,氏名0107,2001/04/17,1
10000108,氏名0108,2001/04/18,2
10000109,氏名0109,2001/04/19,1
10000110,氏名0110,2001/04/20,2
10000111,氏名0111,2001/04/21,1
10000112,氏名0112,2001/04/22,2
10000113,氏名0113,2001/04/23,1
10000114,氏名0114,2001/04/24,2
10000115,氏名0115,2001/04/25,1
10000116,氏名0116,2001/04/26,2
10000117,氏名0117,2001/04/27,1
10000118,氏名0118,2001/04/28,2
10000119,氏名0119,2001/04/29,1
10000120,氏名0120,2001/04/30,2
10000121,氏名0121,2001/05/01,1
10000122,氏名0122,2001/05/02,2
10000123,氏名0123,2001/05/03,1
10000124,氏名0124,2001/05/04,2
10000125,氏名0125,2001/05/05,1
10000126,氏名0126,2001/05/06,2
10000127,氏名0127,2001/05/07,1
10000128,氏名0128,2001/05/08,2
10000129,氏名0129,2001/05/09,1
10000130,氏名0130,2001/05/10,2
10000131,氏名0131,2001/05/11,1
10000132,氏名0132,2001/05/12,2
10000133,氏名0133,2001/05/13,1
10000134,氏名0134,2001/05/14,2
10000135,氏名0135,2001/05/15,1
10000136,氏名0136,2001/05/16,2
10000137,氏名0137,2001/05/17,1
10000138,氏名0138,2001/05/18,2
10000139,氏名0139,2001/05/19,1
10000140,氏名0140,2001/05/20,2
10000141,氏名0141,2001/05/21,1
10000142,氏名0142,2001/05/22,2
10000143,氏名0143,2001/05/23,1
10000144,氏名0144,2001/05/24,2
10000145,氏名0145,2001/05/25,1
10000146,氏名0146,2001/05/26,2
10000147,氏名0147,2001/05/27,1
10000148,氏名0148,2001/05/28,2
10000149,氏名0149,2001/05/29,1
10000150,氏名0150,2001/05/30,2
10000151,氏名0151,2001/05/31,1
10000152,氏名0152,2001/06/01,2
10000153,氏名0153,2001/06/02,1
10000154,氏名0154,2001/06/03,2
10000155,氏名0155,2001/06/04,1
10000156,氏名0156,2001/06/05,2
10000157,氏名0157,2001/06/06,1
10000158,氏名0158,2001/06/07,2
10000159,氏名0159,2001/06/08,1
10000160,氏名0160,2001/06/09,2
10000161,氏名0161,2001/06/10,1
10000162,氏名0162,2001/06/11,2
10000163,氏名0163,2001/06/12,1
10000164,氏名0164,2001/06/13,2
10000165,氏名0165,2001/06/14,1
10000166,氏名0166,2001/06/15,2
10000167,氏名0167,2001/06/16,1
10000168,氏名0168,2001/06/17,2
10000169,氏名0169,2001/06/18,1
10000170,氏名0170,2001/06/19,2
10000171,氏名0171,2001/06/20,1
10000172,氏名0172,2001/06/21,2
10000173,氏名0173,2001/06/22,1
10000174,氏名0174,2001/06/23,2
10000175,氏名0175,2001/06/24,1
10000176,氏名0176,2001/06/25,2
10000177,氏名0177,2001/06/26,1
10000178,氏名0178,2001/06/27,2
10000179,氏名0179,2001/06/28,1
10000180,氏名0180,2001/06/29,2
10000181,氏名0181,2001/06/30,1
10000182,氏名0182,2001/07/01,2
10000183,氏名0183,2001/07/02,1
10000184,氏名0184,2001/07/03,2
10000185,氏名0185,2001/07/04,1
10000186,氏名0186,2001/07/05,2
10000187,氏名0187,2001/07/06,1
10000188,氏名0188,2001/07/07,2
10000189,氏名0189,2001/07/08,1
10000190,氏名0190,2001/07/09,2
10000191,氏名0191,2001/07/10,1
10000192,氏名0192,2001/07/11,2
10000193,氏名0193,2001/07/12,1
10000194,氏名0194,2001/07/13,2
10000195,氏名0195,2001/07/14,1
10000196,氏名0196,2001/07/15,2
10000197,氏名0197,2001/07/16,1
10000198,氏名0198,2001/07/17,2
10000199,氏名0199,2001/07/18,1
10000200,氏名0200,2001/07/19,2
10000201,氏名0201,2001/07/20,1
10000202,氏名0202,2001/07/21,2
10000203,氏名0203,2001/07/22,1
10000204,氏名0204,2001/07/23,2
10000205,氏名0205,2001/07/24,1
10000206,氏名0206,2001/07/25,2
10000207,氏名0207,2001/07/26,1
10000208,氏名0208,2001/07/27,2
10000209,氏名0209,2001/07/28,1
10000210,氏名0210,2001/07/29,2
10000211,氏名0211,2001/07/30,1
10000212,氏名0212,2001/07/31,2
10000213,氏名0213,2001/08/01,1
10000214,氏名0214,2001/08/02,2
10000215,氏名0215,2001/08/03,1
10000216,氏名0216,2001/08/04,2
10000217,氏名0217,2001/08/05,1
10000218,氏名0218,2001/08/06,2
10000219,氏名0219,2001/08/07,1
10000220,氏名0220,2001/08/08,2
10000221,氏名0221,2001/08/09,1
10000222,氏名0222,2001/08/10,2
10000223,氏名0223,2001/08/11,1
10000224,氏名0224,2001/08/12,2
10000225,氏名0225,2001/08/13,1
10000226,氏名0226,2001/08/14,2
10000227,氏名0227,2001/08/15,1
10000228,氏名0228,2001/08/16,2
10000229,氏名0229,2001/08/17,1
10000230,氏名0230,2001/08/18,2
10000231,氏名0231,2001/08/19,1
10000232,氏名0232,2001/08/20,2
10000233,氏名0233,2001/08/21,1
10000234,氏名0234,2001/08/22,2
10000235,氏名0235,2001/08/23,1
10000236,氏名0236,2001/08/24,2
10000237,氏名0237,2001/08/25,1
10000238,氏名0238,2001/08/26,2
10000239,氏名0239,2001/08/27,1
10000240,氏名0240,2001/08/28,2
10000241,氏名0241,2001/08/29,1
10000242,氏名0242,2001/08/30,2
10000243,氏名0243,2001/08/31,1
10000244,氏名0244,2001/09/01,2
10000245,氏名0245,2001/09/02,1
10000246,氏名0246,2001/09/03,2
10000247,氏名0247,2001/09/04,1
10000248,氏名0248,2001/09/05,2
10000249,氏名0249,2001/09/06,1
10000250,氏名0250,2001/09/07,2
10000251,氏名0251,2001/09/08,1
10000252,氏名0252,2001/09/09,2
10000253,氏名0253,2001/09/10,1
10000254,氏名0254,2001/09/11,2
10000255,氏名0255,2001/09/12,1
10000256,氏名0256,2001/09/13,2
10000257,氏名0257,2001/09/14,1
10000258,氏名0258,2001/09/15,2
10000259,氏名0259,2001/09/16,1
10000260,氏名0260,2001/09/17,2
10000261,氏名0261,2001/09/18,1
10000262,氏名0262,2001/09/19,2
10000263,氏名0263,2001/09/20,1
10000264,氏名0264,2001/09/21,2
10000265,氏名0265,2001/09/22,1
10000266,氏名0266,2001/09/23,2
10000267,氏名0267,2001/09/24,1
10000268,氏名0268,2001/09/25,2
10000269,氏名0269,2001/09/26,1
10000270,氏名0270,2001/09/27,2
10000271,氏名0271,2001/09/28,1
10000272,氏名0272,2001/09/29,2
10000273,氏名0273,2001/09/30,1
10000274,氏名0274,2001/10/01,2
10000275,氏名0275,2001/10/02,1
10000276,氏名0276,2001/10/03,2
10000277,氏名0277,2001/10/04,1
10000278,氏名0278,2001/10/05,2
10000279,氏名0279,2001/10/06,1
10000280,氏名0280,2001/10/07,2
10000281,氏名0281,2001/10/08,1
10000282,氏名0282,2001/10/09,2
10000283,氏名0283,2001/10/10,1
10000284,氏名0284,2001/10/11,2
10000285,氏名0285,2001/10/12,1
10000286,氏名0286,2001/10/13,2
10000287,氏名0287,2001/10/14,1
10000288,氏名0288,2001/10/15,2
10000289,氏名0289,2001/10/16,1
10000290,氏名0290,2001/10/17,2
10000291,氏名0291,2001/10/18,1
10000292,氏名0292,2001/10/19,2
10000293,氏名0293,2001/10/20,1
10000294,氏名0294,2001/10/21,2
10000295,氏名0295,2001/10/22,1
10000296,氏名0296,2001/10/23,2
10000297,氏名0297,2001/10/24,1
10000298,氏名0298,2001/10/25,2
10000299,氏名0299,2001/10/26,1
10000300,氏名0300,2001/10/27,2
10000301,氏名0301,2001/10/28,1
10000302,氏名0302,2001/10/29,2
10000303,氏名0303,2001/10/30,1
10000304,氏名0304,2001/10/31,2
10000305,氏名0305,2001/11/01,1
10000306,氏名0306,2001/11/02,2
10000307,氏名0307,2001/11/03,1
10000308,氏名0308,2001/11/04,2
10000309,氏名0309,2001/11/05,1
10000310,氏名0310,2001/11/06,2
10000311,氏名0311,2001/11/07,1
10000312,氏名0312,2001/11/08,2
10000313,氏名0313,2001/11/09,1
10000314,氏名0314,2001/11/10,2
10000315,氏名0315,2001/11/11,1
10000316,氏名0316,2001/11/12,2
10000317,氏名0317,2001/11/13,1
10000318,氏名0318,2001/11/14,2
10000319,氏名0319,2001/11/15,1
10000320,氏名0320,2001/11/16,2
10000321,氏名0321,2001/11/17,1
10000322,氏名0322,2001/11/18,2
10000323,氏名0323,2001/11/19,1
10000324,氏名0324,2001/11/20,2
10000325,氏名0325,2001/11/21,1
10000326,氏名0326,2001/11/22,2
10000327,氏名0327,2001/11/23,1
10000328,氏名0328,2001/11/24,2
10000329,氏名0329,2001/11/25,1
10000330,氏名0330,2001/11/26,2
10000331,氏名0331,2001/11/27,1
10000332,氏名0332,2001/11/28,2
10000333,氏名0333,2001/11/29,1
10000334,氏名0334,2001/11/30,2
10000335,氏名0335,2001/12/01,1
10000336,氏名0336,2001/12/02,2
10000337,氏名0337,2001/12/03,1
10000338,氏名0338,2001/12/04,2
10000339,氏名0339,2001/12/05,1
10000340,氏名0340,2001/12/06,2
10000341,氏名0341,2001/12/07,1
10000342,氏名0342,2001/12/08,2
10000343,氏名0343,2001/12/09,1
10000344,氏名0344,2001/12/10,2
10000345,氏名0345,2001/12/11,1
10000346,氏名0346,2001/12/12,2
10000347,氏名0347,2001/12/13,1
10000348,氏名0348,2001/12/14,2
10000349,氏名0349,2001/12/15,1
10000350,氏名0350,2001/12/16,2
10000351,氏名0351,2001/12/17,1
10000352,氏名0352,2001/12/18,2
10000353,氏名0353,2001/12/19,1
10000354,氏名0354,2001/12/20,2
10000355,氏名0355,2001/12/21,1
10000356,氏名0356,2001/12/22,2
10000357,氏名0357,2001/12/23,1
10000358,氏名0358,2001/12/24,2
10000359,氏名0359,2001/12/25,1
10000360,氏名0360,2001/12/26,2
10000361,氏名0361,2001/12/27,1
10000362,氏名0362,2001/12/28,2
10000363,氏名0363,2001/12/29,1
10000364,氏名0364,2001/12/30,2
10000365,氏名0365,2001/12/31,1
10000366,氏名0366,2002/01/01,2
10000367,氏名0367,2002/01/02,1
10000368,氏名0368,2002/01/03,2
10000369,氏名0369,2002/01/04,1
10000370,氏名0370,2002/01/05,2
10000371,氏名0371,2002/01/06,1
10000372,氏名0372,2002/01/07,2
10000373,氏名0373,2002/01/08,1
10000374,氏名0374,2002/01/09,2
10000375,氏名0375,2002/01/10,1
10000376,氏名0376,2002/01/11,2
10000377,氏名0377,2002/01/12,1
10000378,氏名0378,2002/01/13,2
10000379,氏名0379,2002/01/14,1
10000380,氏名0380,2002/01/15,2
10000381,氏名0381,2002/01/16,1
10000382,氏名0382,2002/01/17,2
10000383,氏名0383,2002/01/18,1
10000384,氏名0384,2002/01/19,2
10000385,氏名0385,2002/01/20,1
10000386,氏名0386,2002/01/21,2
10000387,氏名0387,2002/01/22,1
10000388,氏名0388,2002/01/23,2
10000389,氏名0389,2002/01/24,1
10000390,氏名0390,2002/01/25,2
10000391,氏名0391,2002/01/26,1
10000392,氏名0392,2002/01/27,2
10000393,氏名0393,2002/01/28,1
10000394,氏名0394,2002/01/29,2
10000395,氏名0395,2002/01/30,1
10000396,氏名0396,2002/01/31,2
10000397,氏名0397,2002/02/01,1
10000398,氏名0398,2002/02/02,2
10000399,氏名0399,2002/02/03,1
10000400,氏名0400,2002/02/04,2
10000401,氏名0401,2002/02/05,1
10000402,氏名0402,2002/02/06,2
10000403,氏名0403,2002/02/07,1
10000404,氏名0404,2002/02/08,2
10000405,氏名0405,2002/02/09,1
10000406,氏名0406,2002/02/10,2
10000407,氏名0407,2002/02/11,1
10000408,氏名0408,2002/02/12,2
10000409,氏名0409,2002/02/13,1
10000410,氏名0410,2002/02/14,2
10000411,氏名0411,2002/02/15,1
10000412,氏名0412,2002/02/16,2
10000413,氏名0413,2002/02/17,1
10000414,氏名0414,2002/02/18,2
10000415,氏名0415,2002/02/19,1
10000416,氏名0416,2002/02/20,2
10000417,氏名0417,2002/02/21,1
10000418,氏名0418,2002/02/22,2
10000419,氏名0419,2002/02/23,1
10000420,氏名0420,2002/02/24,2
10000421,氏名0421,2002/02/25,1
10000422,氏名0422,2002/02/26,2
10000423,氏名0423,2002/02/27,1
10000424,氏名0424,2002/02/28,2
10000425,氏名0425,2002/03/01,1
10000426,氏名0426,2002/03/02,2
10000427,氏名0427,2002/03/03,1
10000428,氏名0428,2002/03/04,2
10000429,氏名0429,2002/03/05,1
10000430,氏名0430,2002/03/06,2
10000431,氏名0431,2002/03/07,1
10000432,氏名0432,2002/03/08,2
10000433,氏名0433,2002/03/09,1
10000434,氏名0434,2002/03/10,2
10000435,氏名0435,2002/03/11,1
10000436,氏名0436,2002/03/12,2
10000437,氏名0437,2002/03/13,1
10000438,氏名0438,2002/03/14,2
10000439,氏名0439,2002/03/15,1
10000440,氏名0440,2002/03/16,2
10000441,氏名0441,2002/03/17,1
10000442,氏名0442,2002/03/18,2
10000443,氏名0443,2002/03/19,1
10000444,氏名0444,2002/03/20,2
10000445,氏名0445,2002/03/21,1
10000446,氏名0446,2002/03/22,2
10000447,氏名0447,2002/03/23,1
10000448,氏名0448,2002/03/24,2
10000449,氏名0449,2002/03/25,1
10000450,氏名0450,2002/03/26,2
10000451,氏名0451,2002/03/27,1
10000452,氏名0452,2002/03/28,2
10000453,氏名0453,2002/03/29,1
10000454,氏名0454,2002/03/30,2
10000455,氏名0455,2002/03/31,1
10000456,氏名0456,2002/04/01,2
10000457,氏名0457,2002/04/02,1
10000458,氏名0458,2002/04/03,2
10000459,氏名0459,2002/04/04,1
10000460,氏名0460,2002/04/05,2
10000461,氏名0461,2002/04/06,1
10000462,氏名0462,2002/04/07,2
10000463,氏名0463,2002/04/08,1
10000464,氏名0464,2002/04/09,2
10000465,氏名0465,2002/04/10,1
10000466,氏名0466,2002/04/11,2
10000467,氏名0467,2002/04/12,1
10000468,氏名0468,2002/04/13,2
10000469,氏名0469,2002/04/14,1
10000470,氏名0470,2002/04/15,2
10000471,氏名0471,2002/04/16,1
10000472,氏名0472,2002/04/17,2
10000473,氏名0473,2002/04/18,1
10000474,氏名0474,2002/04/19,2
10000475,氏名0475,2002/04/20,1
10000476,氏名0476,2002/04/21,2
10000477,氏名0477,2002/04/22,1
10000478,氏名0478,2002/04/23,2
10000479,氏名0479,2002/04/24,1
10000480,氏名0480,2002/04/25,2
10000481,氏名0481,2002/04/26,1
10000482,氏名0482,2002/04/27,2
10000483,氏名0483,2002/04/28,1
10000484,氏名0484,2002/04/29,2
10000485,氏名0485,2002/04/30,1
10000486,氏名0486,2002/05/01,2
10000487,氏名0487,2002/05/02,1
10000488,氏名0488,2002/05/03,2
10000489,氏名0489,2002/05/04,1
10000490,氏名0490,2002/05/05,2
10000491,氏名0491,2002/05/06,1
10000492,氏名0492,2002/05/07,2
10000493,氏名0493,2002/05/08,1
10000494,氏名0494,2002/05/09,2
10000495,氏名0495,2002/05/10,1
10000496,氏名0496,2002/05/11,2
10000497,氏名0497,2002/05/12,1
10000498,氏名0498,2002/05/13,2
10000499,氏名0499,2002/05/14,1
10000500,氏名0500,2002/05/15,2
10000501,氏名0501,2002/05/16,1
10000502,氏名0502,2002/05/17,2
10000503,氏名0503,2002/05/18,1
10000504,氏名0504,2002/05/19,2
10000505,氏名0505,2002/05/20,1
10000506,氏名0506,2002/05/21,2
10000507,氏名0507,2002/05/22,1
10000508,氏名0508,2002/05/23,2
10000509,氏名0509,2002/05/24,1
10000510,氏名0510,2002/05/25,2
10000511,氏名0511,2002/05/26,1
10000512,氏名0512,2002/05/27,2
10000513,氏名0513,2002/05/28,1
10000514,氏名0514,2002/05/29,2
10000515,氏名0515,2002/05/30,1
10000516,氏名0516,2002/05/31,2
10000517,氏名0517,2002/06/01,1
10000518,氏名0518,2002/06/02,2
10000519,氏名0519,2002/06/03,1
10000520,氏名0520,2002/06/04,2
10000521,氏名0521,2002/06/05,1
10000522,氏名0522,2002/06/06,2
10000523,氏名0523,2002/06/07,1
10000524,氏名0524,2002/06/08,2
10000525,氏名0525,2002/06/09,1
10000526,氏名0526,2002/06/10,2
10000527,氏名0527,2002/06/11,1
10000528,氏名0528,2002/06/12,2
10000529,氏名0529,2002/06/13,1
10000530,氏名0530,2002/06/14,2
10000531,氏名0531,2002/06/15,1
10000532,氏名0532,2002/06/16,2
10000533,氏名0533,2002/06/17,1
10000534,氏名0534,2002/06/18,2
10000535,氏名0535,2002/06/19,1
10000536,氏名0536,2002/06/20,2
10000537,氏名0537,2002/06/21,1
10000538,氏名0538,2002/06/22,2
10000539,氏名0539,2002/06/23,1
10000540,氏名0540,2002/06/24,2
10000541,氏名0541,2002/06/25,1
10000542,氏名0542,2002/06/26,2
10000543,氏名0543,2002/06/27,1
10000544,氏名0544,2002/06/28,2
10000545,氏名0545,2002/06/29,1
10000546,氏名0546,2002/06/30,2
10000547,氏名0547,2002/07/01,1
10000548,氏名0548,2002/07/02,2
10000549,氏名0549,2002/07/03,1
10000550,氏名0550,2002/07/04,2
10000551,氏名0551,2002/07/05,1
10000552,氏名0552,2002/07/06,2
10000553,氏名0553,2002/07/07,1
10000554,氏名0554,2002/07/08,2
10000555,氏名0555,2002/07/09,1
10000556,氏名0556,2002/07/10,2
10000557,氏名0557,2002/07/11,1
10000558,氏名0558,2002/07/12,2
10000559,氏名0559,2002/07/13,1
10000560,氏名0560,2002/07/14,2
10000561,氏名0561,2002/07/15,1
10000562,氏名0562,2002/07/16,2
10000563,氏名0563,2002/07/17,1
10000564,氏名0564,2002/07/18,2
10000565,氏名0565,2002/07/19,1
10000566,氏名0566,2002/07/20,2
10000567,氏名0567,2002/07/21,1
10000568,氏名0568,2002/07/22,2
10000569,氏名0569,2002/07/23,1
10000570,氏名0570,2002/07/24,2
10000571,氏名0571,2002/07/25,1
10000572,氏名0572,2002/07/26,2
10000573,氏名0573,2002/07/27,1
10000574,氏名0574,2002/07/28,2
10000575,氏名0575,2002/07/29,1
10000576,氏名0576,2002/07/30,2
10000577,氏名0577,2002/07/31,1
10000578,氏名0578,2002/08/01,2
10000579,氏名0579,2002/08/02,1
10000580,氏名0580,2002/08/03,2
10000581,氏名0581,2002/08/04,1
10000582,氏名0582,2002/08/05,2
10000583,氏名0583,2002/08/06,1
10000584,氏名0584,2002/08/07,2
10000585,氏名0585,2002/08/08,1
10000586,氏名0586,2002/08/09,2
10000587,氏名0587,2002/08/10,1
10000588,氏名0588,2002/08/11,2
10000589,氏名0589,2002/08/12,1
10000590,氏名0590,2002/08/13,2
10000591,氏名0591,2002/08/14,1
10000592,氏名0592,2002/08/15,2
10000593,氏名0593,2002/08/16,1
10000594,氏名0594,2002/08/17,2
10000595,氏名0595,2002/08/18,1
10000596,氏名0596,2002/08/19,2
10000597,氏名0597,2002/08/20,1
10000598,氏名0598,2002/08/21,2
10000599,氏名0599,2002/08/22,1
10000600,氏名0600,2002/08/23,2
10000601,氏名0601,2002/08/24,1
10000602,氏名0602,2002/08/25,2
10000603,氏名0603,2002/08/26,1
10000604,氏名0604,2002/08/27,2
10000605,氏名0605,2002/08/28,1
10000606,氏名0606,2002/08/29,2
10000607,氏名0607,2002/08/30,1
10000608,氏名0608,2002/08/31,2
10000609,氏名0609,2002/09/01,1
10000610,氏名0610,2002/09/02,2
10000611,氏名0611,2002/09/03,1
10000612,氏名0612,2002/09/04,2
10000613,氏名0613,2002/09/05,1
10000614,氏名0614,2002/09/06,2
10000615,氏名0615,2002/09/07,1
10000616,氏名0616,2002/09/08,2
10000617,氏名0617,2002/09/09,1
10000618,氏名0618,2002/09/10,2
10000619,氏名0619,2002/09/11,1
10000620,氏名0620,2002/09/12,2
10000621,氏名0621,2002/09/13,1
10000622,氏名0622,2002/09/14,2
10000623,氏名0623,2002/09/15,1
10000624,氏名0624,2002/09/16,2
10000625,氏名0625,2002/09/17,1
10000626,氏名0626,2002/09/18,2
10000627,氏名0627,2002/09/19,1
10000628,氏名0628,2002/09/20,2
10000629,氏名0629,2002/09/21,1
10000630,氏名0630,2002/09/22,2
10000631,氏名0631,2002/09/23,1
10000632,氏名0632,2002/09/24,2
10000633,氏名0633,2002/09/25,1
10000634,氏名0634,2002/09/26,2
10000635,氏名0635,2002/09/27,1
10000636,氏名0636,2002/09/28,2
10000637,氏名0637,2002/09/29,1
10000638,氏名0638,2002/09/30,2
10000639,氏名0639,2002/10/01,1
10000640,氏名0640,2002/10/02,2
10000641,氏名0641,2002/10/03,1
10000642,氏名0642,2002/10/04,2
10000643,氏名0643,2002/10/05,1
10000644,氏名0644,2002/10/06,2
10000645,氏名0645,2002/10/07,1
10000646,氏名0646,2002/10/08,2
10000647,氏名0647,2002/10/09,1
10000648,氏名0648,2002/10/10,2
10000649,氏名0649,2002/10/11,1
10000650,氏名0650,2002/10/12,2
10000651,氏名0651,2002/10/13,1
10000652,氏名0652,2002/10/14,2
10000653,氏名0653,2002/10/15,1
10000654,氏名0654,2002/10/16,2
10000655,氏名0655,2002/10/17,1
10000656,氏名0656,2002/10/18,2
10000657,氏名0657,2002/10/19,1
10000658,氏名0658,2002/10/20,2
10000659,氏名0659,2002/10/21,1
10000660,氏名0660,2002/10/22,2
10000661,氏名0661,2002/10/23,1
10000662,氏名0662,2002/10/24,2
10000663,氏名0663,2002/10/25,1
10000664,氏名0664,2002/10/26,2
10000665,氏名0665,2002/10/27,1
10000666,氏名0666,2002/10/28,2
10000667,氏名0667,2002/10/29,1
10000668,氏名0668,2002/10/30,2
10000669,氏名0669,2002/10/31,1
10000670,氏名0670,2002/11/01,2
10000671,氏名0671,2002/11/02,1
10000672,氏名0672,2002/11/03,2
10000673,氏名0673,2002/11/04,1
10000674,氏名0674,2002/11/05,2
10000675,氏名0675,2002/11/06,1
10000676,氏名0676,2002/11/07,2
10000677,氏名0677,2002/11/08,1
10000678,氏名0678,2002/11/09,2
10000679,氏名0679,2002/11/10,1
10000680,氏名0680,2002/11/11,2
10000681,氏名0681,2002/11/12,1
10000682,氏名0682,2002/11/13,2
10000683,氏名0683,2002/11/14,1
10000684,氏名0684,2002/11/15,2
10000685,氏名0685,2002/11/16,1
10000686,氏名0686,2002/11/17,2
10000687,氏名0687,2002/11/18,1
10000688,氏名0688,2002/11/19,2
10000689,氏名0689,2002/11/20,1
10000690,氏名0690,2002/11/21,2
10000691,氏名0691,2002/11/22,1
10000692,氏名0692,2002/11/23,2
10000693,氏名0693,2002/11/24,1
10000694,氏名0694,2002/11/25,2
10000695,氏名0695,2002/11/26,1
10000696,氏名0696,2002/11/27,2
10000697,氏名0697,2002/11/28,1
10000698,氏名0698,2002/11/29,2
10000699,氏名0699,2002/11/30,1
10000700,氏名0700,2002/12/01,2
10000701,氏名0701,2002/12/02,1
10000702,氏名0702,2002/12/03,2
10000703,氏名0703,2002/12/04,1
10000704,氏名0704,2002/12/05,2
10000705,氏名0705,2002/12/06,1
10000706,氏名0706,2002/12/07,2
10000707,氏名0707,2002/12/08,1
10000708,氏名0708,2002/12/09,2
10000709,氏名0709,2002/12/10,1
10000710,氏名0710,2002/12/11,2
10000711,氏名0711,2002/12/12,1
10000712,氏名0712,2002/12/13,2
10000713,氏名0713,2002/12/14,1
10000714,氏名0714,2002/12/15,2
10000715,氏名0715,2002/12/16,1
10000716,氏名0716,2002/12/17,2
10000717,氏名0717,2002/12/18,1
10000718,氏名0718,2002/12/19,2
10000719,氏名0719,2002/12/20,1
10000720,氏名0720,2002/12/21,2
10000721,氏名0721,2002/12/22,1
10000722,氏名0722,2002/12/23,2
10000723,氏名0723,2002/12/24,1
10000724,氏名0724,2002/12/25,2
10000725,氏名0725,2002/12/26,1
10000726,氏名0726,2002/12/27,2
10000727,氏名0727,2002/12/28,1
10000728,氏名0728,2002/12/29,2
10000729,氏名0729,2002/12/30,1
10000730,氏名0730,2002/12/31,2
10000731,氏名0731,2003/01/01,1
10000732,氏名0732,2003/01/02,2
10000733,氏名0733,2003/01/03,1
10000734,氏名0734,2003/01/04,2
10000735,氏名0735,2003/01/05,1
10000736,氏名0736,2003/01/06,2
10000737,氏名0737,2003/01/07,1
10000738,氏名0738,2003/01/08,2
10000739,氏名0739,2003/01/09,1
10000740,氏名0740,2003/01/10,2
10000741,氏名0741,2003/01/11,1
10000742,氏名0742,2003/01/12,2
10000743,氏名0743,2003/01/13,1
10000744,氏名0744,2003/01/14,2
10000745,氏名0745,2003/01/15,1
10000746,氏名0746,2003/01/16,2
10000747,氏名0747,2003/01/17,1
10000748,氏名0748,2003/01/18,2
10000749,氏名0749,2003/01/19,1
10000750,氏名0750,2003/01/20,2
10000751,氏名0751,2003/01/21,1
10000752,氏名0752,2003/01/22,2
10000753,氏名0753,2003/01/23,1
10000754,氏名0754,2003/01/24,2
10000755,氏名0755,2003/01/25,1
10000756,氏名0756,2003/01/26,2
10000757,氏名0757,2003/01/27,1
10000758,氏名0758,2003/01/28,2
10000759,氏名0759,2003/01/29,1
10000760,氏名0760,2003/01/30,2
10000761,氏名0761,2003/01/31,1
10000762,氏名0762,2003/02/01,2
10000763,氏名0763,2003/02/02,1
10000764,氏名0764,2003/02/03,2
10000765,氏名0765,2003/02/04,1
10000766,氏名0766,2003/02/05,2
10000767,氏名0767,2003/02/06,1
10000768,氏名0768,2003/02/07,2
10000769,氏名0769,2003/02/08,1
10000770,氏名0770,2003/02/09,2
10000771,氏名0771,2003/02/10,1
10000772,氏名0772,2003/02/11,2
10000773,氏名0773,2003/02/12,1
10000774,氏名0774,2003/02/13,2
10000775,氏名0775,2003/02/14,1
10000776,氏名0776,2003/02/15,2
10000777,氏名0777,2003/02/16,1
10000778,氏名0778,2003/02/17,2
10000779,氏名0779,2003/02/18,1
10000780,氏名0780,2003/02/19,2
10000781,氏名0781,2003/02/20,1
10000782,氏名0782,2003/02/21,2
10000783,氏名0783,2003/02/22,1
10000784,氏名0784,2003/02/23,2
10000785,氏名0785,2003/02/24,1
10000786,氏名0786,2003/02/25,2
10000787,氏名0787,2003/02/26,1
10000788,氏名0788,2003/02/27,2
10000789,氏名0789,2003/02/28,1
10000790,氏名0790,2003/03/01,2
10000791,氏名0791,2003/03/02,1
10000792,氏名0792,2003/03/03,2
10000793,氏名0793,2003/03/04,1
10000794,氏名0794,2003/03/05,2
10000795,氏名0795,2003/03/06,1
10000796,氏名0796,2003/03/07,2
10000797,氏名0797,2003/03/08,1
10000798,氏名0798,2003/03/09,2
10000799,氏名0799,2003/03/10,1
10000800,氏名0800,2003/03/11,2
10000801,氏名0801,2003/03/12,1
10000802,氏名0802,2003/03/13,2
10000803,氏名0803,2003/03/14,1
10000804,氏名0804,2003/03/15,2
10000805,氏名0805,2003/03/16,1
10000806,氏名0806,2003/03/17,2
10000807,氏名0807,2003/03/18,1
10000808,氏名0808,2003/03/19,2
10000809,氏名0809,2003/03/20,1
10000810,氏名0810,2003/03/21,2
10000811,氏名0811,2003/03/22,1
10000812,氏名0812,2003/03/23,2
10000813,氏名0813,2003/03/24,1
10000814,氏名0814,2003/03/25,2
10000815,氏名0815,2003/03/26,1
10000816,氏名0816,2003/03/27,2
10000817,氏名0817,2003/03/28,1
10000818,氏名0818,2003/03/29,2
10000819,氏名0819,2003/03/30,1
10000820,氏名0820,2003/03/31,2
10000821,氏名0821,2003/04/01,1
10000822,氏名0822,2003/04/02,2
10000823,氏名0823,2003/04/03,1
10000824,氏名0824,2003/04/04,2
10000825,氏名0825,2003/04/05,1
10000826,氏名0826,2003/04/06,2
10000827,氏名0827,2003/04/07,1
10000828,氏名0828,2003/04/08,2
10000829,氏名0829,2003/04/09,1
10000830,氏名0830,2003/04/10,2
10000831,氏名0831,2003/04/11,1
10000832,氏名0832,2003/04/12,2
10000833,氏名0833,2003/04/13,1
10000834,氏名0834,2003/04/14,2
10000835,氏名0835,2003/04/15,1
10000836,氏名0836,2003/04/16,2
10000837,氏名0837,2003/04/17,1
10000838,氏名0838,2003/04/18,2
10000839,氏名0839,2003/04/19,1
10000840,氏名0840,2003/04/20,2
10000841,氏名0841,2003/04/21,1
10000842,氏名0842,2003/04/22,2
10000843,氏名0843,2003/04/23,1
10000844,氏名0844,2003/04/24,2
10000845,氏名0845,2003/04/25,1
10000846,氏名0846,2003/04/26,2
10000847,氏名0847,2003/04/27,1
10000848,氏名0848,2003/04/28,2
10000849,氏名0849,2003/04/29,1
10000850,氏名0850,2003/04/30,2
10000851,氏名0851,2003/05/01,1
10000852,氏名0852,2003/05/02,2
10000853,氏名0853,2003/05/03,1
10000854,氏名0854,2003/05/04,2
10000855,氏名0855,2003/05/05,1
10000856,氏名0856,2003/05/06,2
10000857,氏名0857,2003/05/07,1
10000858,氏名0858,2003/05/08,2
10000859,氏名0859,2003/05/09,1
10000860,氏名0860,2003/05/10,2
10000861,氏名0861,2003/05/11,1
10000862,氏名0862,2003/05/12,2
10000863,氏名0863,2003/05/13,1
10000864,氏名0864,2003/05/14,2
10000865,氏名0865,2003/05/15,1
10000866,氏名0866,2003/05/16,2
10000867,氏名0867,2003/05/17,1
10000868,氏名0868,2003/05/18,2
10000869,氏名0869,2003/05/19,1
10000870,氏名0870,2003/05/20,2
10000871,氏名0871,2003/05/21,1
10000872,氏名0872,2003/05/22,2
10000873,氏名0873,2003/05/23,1
10000874,氏名0874,2003/05/24,2
10000875,氏名0875,2003/05/25,1
10000876,氏名0876,2003/05/26,2
10000877,氏名0877,2003/05/27,1
10000878,氏名0878,2003/05/28,2
10000879,氏名0879,2003/05/29,1
10000880,氏名0880,2003/05/30,2
10000881,氏名0881,2003/05/31,1
10000882,氏名0882,2003/06/01,2
10000883,氏名0883,2003/06/02,1
10000884,氏名0884,2003/06/03,2
10000885,氏名0885,2003/06/04,1
10000886,氏名0886,2003/06/05,2
10000887,氏名0887,2003/06/06,1
10000888,氏名0888,2003/06/07,2
10000889,氏名0889,2003/06/08,1
10000890,氏名0890,2003/06/09,2
10000891,氏名0891,2003/06/10,1
10000892,氏名0892,2003/06/11,2
10000893,氏名0893,2003/06/12,1
10000894,氏名0894,2003/06/13,2
10000895,氏名0895,2003/06/14,1
10000896,氏名0896,2003/06/15,2
10000897,氏名0897,2003/06/16,1
10000898,氏名0898,2003/06/17,2
10000899,氏名0899,2003/06/18,1
10000900,氏名0900,2003/06/19,2
10000901,氏名0901,2003/06/20,1
10000902,氏名0902,2003/06/21,2
10000903,氏名0903,2003/06/22,1
10000904,氏名0904,2003/06/23,2
10000905,氏名0905,2003/06/24,1
10000906,氏名0906,2003/06/25,2
10000907,氏名0907,2003/06/26,1
10000908,氏名0908,2003/06/27,2
10000909,氏名0909,2003/06/28,1
10000910,氏名0910,2003/06/29,2
10000911,氏名0911,2003/06/30,1
10000912,氏名0912,2003/07/01,2
10000913,氏名0913,2003/07/02,1
10000914,氏名0914,2003/07/03,2
10000915,氏名0915,2003/07/04,1
10000916,氏名0916,2003/07/05,2
10000917,氏名0917,2003/07/06,1
10000918,氏名0918,2003/07/07,2
10000919,氏名0919,2003/07/08,1
10000920,氏名0920,2003/07/09,2
10000921,氏名0921,2003/07/10,1
10000922,氏名0922,2003/07/11,2
10000923,氏名0923,2003/07/12,1
10000924,氏名0924,2003/07/13,2
10000925,氏名0925,2003/07/14,1
10000926,氏名0926,2003/07/15,2
10000927,氏名0927,2003/07/16,1
10000928,氏名0928,2003/07/17,2
10000929,氏名0929,2003/07/18,1
10000930,氏名0930,2003/07/19,2
10000931,氏名0931,2003/07/20,1
10000932,氏名0932,2003/07/21,2
10000933,氏名0933,2003/07/22,1
10000934,氏名0934,2003/07/23,2
10000935,氏名0935,2003/07/24,1
10000936,氏名0936,2003/07/25,2
10000937,氏名0937,2003/07/26,1
10000938,氏名0938,2003/07/27,2
10000939,氏名0939,2003/07/28,1
10000940,氏名0940,2003/07/29,2
10000941,氏名0941,2003/07/30,1
10000942,氏名0942,2003/07/31,2
10000943,氏名0943,2003/08/01,1
10000944,氏名0944,2003/08/02,2
10000945,氏名0945,2003/08/03,1
10000946,氏名0946,2003/08/04,2
10000947,氏名0947,2003/08/05,1
10000948,氏名0948,2003/08/06,2
10000949,氏名0949,2003/08/07,1
10000950,氏名0950,2003/08/08,2
10000951,氏名0951,2003/08/09,1
10000952,氏名0952,2003/08/10,2
10000953,氏名0953,2003/08/11,1
10000954,氏名0954,2003/08/12,2
10000955,氏名0955,2003/08/13,1
10000956,氏名0956,2003/08/14,2
10000957,氏名0957,2003/08/15,1
10000958,氏名0958,2003/08/16,2
10000959,氏名0959,2003/08/17,1
10000960,氏名0960,2003/08/18,2
10000961,氏名0961,2003/08/19,1
10000962,氏名0962,2003/08/20,2
10000963,氏名0963,2003/08/21,1
10000964,氏名0964,2003/08/22,2
10000965,氏名0965,2003/08/23,1
10000966,氏名0966,2003/08/24,2
10000967,氏名0967,2003/08/25,1
10000968,氏名0968,2003/08/26,2
10000969,氏名0969,2003/08/27,1
10000970,氏名0970,2003/08/28,2
10000971,氏名0971,2003/08/29,1
10000972,氏名0972,2003/08/30,2
10000973,氏名0973,2003/08/31,1
10000974,氏名0974,2003/09/01,2
10000975,氏名0975,2003/09/02,1
10000976,氏名0976,2003/09/03,2
10000977,氏名0977,2003/09/04,1
10000978,氏名0978,2003/09/05,2
10000979,氏名0979,2003/09/06,1
10000980,氏名0980,2003/09/07,2
10000981,氏名0981,2003/09/08,1
10000982,氏名0982,2003/09/09,2
10000983,氏名0983,2003/09/10,1
10000984,氏名0984,2003/09/11,2
10000985,氏名0985,2003/09/12,1
10000986,氏名0986,2003/09/13,2
10000987,氏名0987,2003/09/14,1
10000988,氏名0988,2003/09/15,2
10000989,氏名0989,2003/09/16,1
10000990,氏名0990,2003/09/17,2
10000991,氏名0991,2003/09/18,1
10000992,氏名0992,2003/09/19,2
10000993,氏名0993,2003/09/20,1
10000994,氏名0994,2003/09/21,2
10000995,氏名0995,2003/09/22,1
10000996,氏名0996,2003/09/23,2
10000997,氏名0997,2003/09/24,1
10000998,氏名0998,2003/09/25,2
10000999,氏名0999,2003/09/26,1
10001000,氏名1000,2003/09/27,2
10001001,氏名1001,2003/09/28,1
10001002,氏名1002,2003/09/29,2
10001003,氏名1003,2003/09/30,1
10001004,氏名1004,2003/10/01,2
10001005,氏名1005,2003/10/02,1
10001006,氏名1006,2003/10/03,2
10001007,氏名1007,2003/10/04,1
10001008,氏名1008,2003/10/05,2
10001009,氏名1009,2003/10/06,1
10001010,氏名1010,2003/10/07,2
10001011,氏名1011,2003/10/08,1
10001012,氏名1012,2003/10/09,2
10001013,氏名1013,2003/10/10,1
10001014,氏名1014,2003/10/11,2
10001015,氏名1015,2003/10/12,1
10001016,氏名1016,2003/10/13,2
10001017,氏名1017,2003/10/14,1
10001018,氏名1018,2003/10/15,2
10001019,氏名1019,2003/10/16,1
10001020,氏名1020,2003/10/17,2
10001021,氏名1021,2003/10/18,1
10001022,氏名1022,2003/10/19,2
10001023,氏名1023,2003/10/20,1
10001024,氏名1024,2003/10/21,2
10001025,氏名1025,2003/10/22,1
10001026,氏名1026,2003/10/23,2
10001027,氏名1027,2003/10/24,1
10001028,氏名1028,2003/10/25,2
10001029,氏名1029,2003/10/26,1
10001030,氏名1030,2003/10/27,2
10001031,氏名1031,2003/10/28,1
10001032,氏名1032,2003/10/29,2
10001033,氏名1033,2003/10/30,1
10001034,氏名1034,2003/10/31,2
10001035,氏名1035,2003/11/01,1
10001036,氏名1036,2003/11/02,2
10001037,氏名1037,2003/11/03,1
10001038,氏名1038,2003/11/04,2
10001039,氏名1039,2003/11/05,1
10001040,氏名1040,2003/11/06,2
10001041,氏名1041,2003/11/07,1
10001042,氏名1042,2003/11/08,2
10001043,氏名1043,2003/11/09,1
10001044,氏名1044,2003/11/10,2
10001045,氏名1045,2003/11/11,1
10001046,氏名1046,2003/11/12,2
10001047,氏名1047,2003/11/13,1
10001048,氏名1048,2003/11/14,2
10001049,氏名1049,2003/11/15,1
10001050,氏名1050,2003/11/16,2
10001051,氏名1051,2003/11/17,1
10001052,氏名1052,2003/11/18,2
10001053,氏名1053,2003/11/19,1
10001054,氏名1054,2003/11/20,2
10001055,氏名1055,2003/11/21,1
10001056,氏名1056,2003/11/22,2
10001057,氏名1057,2003/11/23,1
10001058,氏名1058,2003/11/24,2
10001059,氏名1059,2003/11/25,1
10001060,氏名1060,2003/11/26,2
10001061,氏名1061,2003/11/27,1
10001062,氏名1062,2003/11/28,2
10001063,氏名1063,2003/11/29,1
10001064,氏名1064,2003/11/30,2
10001065,氏名1065,2003/12/01,1
10001066,氏名1066,2003/12/02,2
10001067,氏名1067,2003/12/03,1
10001068,氏名1068,2003/12/04,2
10001069,氏名1069,2003/12/05,1
10001070,氏名1070,2003/12/06,2
10001071,氏名1071,2003/12/07,1
10001072,氏名1072,2003/12/08,2
10001073,氏名1073,2003/12/09,1
10001074,氏名1074,2003/12/10,2
10001075,氏名1075,2003/12/11,1
10001076,氏名1076,2003/12/12,2
10001077,氏名1077,2003/12/13,1
10001078,氏名1078,2003/12/14,2
10001079,氏名1079,2003/12/15,1
10001080,氏名1080,2003/12/16,2
10001081,氏名1081,2003/12/17,1
10001082,氏名1082,2003/12/18,2
10001083,氏名1083,2003/12/19,1
10001084,氏名1084,2003/12/20,2
10001085,氏名1085,2003/12/21,1
10001086,氏名1086,2003/12/22,2
10001087,氏名1087,2003/12/23,1
10001088,氏名1088,2003/12/24,2
10001089,氏名1089,2003/12/25,1
10001090,氏名1090,2003/12/26,2
10001091,氏名1091,2003/12/27,1
10001092,氏名1092,2003/12/28,2
10001093,氏名1093,2003/12/29,1
10001094,氏名1094,2003/12/30,2
10001095,氏名1095,2003/12/31,1
10001096,氏名1096,2004/01/01,2
10001097,氏名1097,2004/01/02,1
10001098,氏名1098,2004/01/03,2
10001099,氏名1099,2004/01/04,1
10001100,氏名1100,2004/01/05,2
10001101,氏名1101,2004/01/06,1
10001102,氏名1102,2004/01/07,2
10001103,氏名1103,2004/01/08,1
10001104,氏名1104,2004/01/09,2
10001105,氏名1105,2004/01/10,1
10001106,氏名1106,2004/01/11,2
10001107,氏名1107,2004/01/12,1
10001108,氏名1108,2004/01/13,2
10001109,氏名1109,2004/01/14,1
10001110,氏名1110,2004/01/15,2
10001111,氏名1111,2004/01/16,1
10001112,氏名1112,2004/01/17,2
10001113,氏名1113,2004/01/18,1
10001114,氏名1114,2004/01/19,2
10001115,氏名1115,2004/01/20,1
10001116,氏名1116,2004/01/21,2
10001117,氏名1117,2004/01/22,1
10001118,氏名1118,2004/01/23,2
10001119,氏名1119,2004/01/24,1
10001120,氏名1120,2004/01/25,2
10001121,氏名1121,2004/01/26,1
10001122,氏名1122,2004/01/27,2
10001123,氏名1123,2004/01/28,1
10001124,氏名1124,2004/01/29,2
10001125,氏名1125,2004/01/30,1
10001126,氏名1126,2004/01/31,2
10001127,氏名1127,2004/02/01,1
10001128,氏名1128,2004/02/02,2
10001129,氏名1129,2004/02/03,1
10001130,氏名1130,2004/02/04,2
10001131,氏名1131,2004/02/05,1
10001132,氏名1132,2004/02/06,2
10001133,氏名1133,2004/02/07,1
10001134,氏名1134,2004/02/08,2
10001135,氏名1135,2004/02/09,1
10001136,氏名1136,2004/02/10,2
10001137,氏名1137,2004/02/11,1
10001138,氏名1138,2004/02/12,2
10001139,氏名1139,2004/02/13,1
10001140,氏名1140,2004/02/14,2
10001141,氏名1141,2004/02/15,1
10001142,氏名1142,2004/02/16,2
10001143,氏名1143,2004/02/17,1
10001144,氏名1144,2004/02/18,2
10001145,氏名1145,2004/02/19,1
10001146,氏名1146,2004/02/20,2
10001147,氏名1147,2004/02/21,1
10001148,氏名1148,2004/02/22,2
10001149,氏名1149,2004/02/23,1
10001150,氏名1150,2004/02/24,2
10001151,氏名1151,2004/02/25,1
10001152,氏名1152,2004/02/26,2
10001153,氏名1153,2004/02/27,1
10001154,氏名1154,2004/02/28,2
10001155,氏名1155,2004/02/29,1
10001156,氏名1156,2004/03/01,2
10001157,氏名1157,2004/03/02,1
10001158,氏名1158,2004/03/03,2
10001159,氏名1159,2004/03/04,1
10001160,氏名1160,2004/03/05,2
10001161,氏名1161,2004/03/06,1
10001162,氏名1162,2004/03/07,2
10001163,氏名1163,2004/03/08,1
10001164,氏名1164,2004/03/09,2
10001165,氏名1165,2004/03/10,1
10001166,氏名1166,2004/03/11,2
10001167,氏名1167,2004/03/12,1
10001168,氏名1168,2004/03/13,2
10001169,氏名1169,2004/03/14,1
10001170,氏名1170,2004/03/15,2
10001171,氏名1171,2004/03/16,1
10001172,氏名1172,2004/03/17,2
10001173,氏名1173,2004/03/18,1
10001174,氏名1174,2004/03/19,2
10001175,氏名1175,2004/03/20,1
10001176,氏名1176,2004/03/21,2
10001177,氏名1177,2004/03/22,1
10001178,氏名1178,2004/03/23,2
10001179,氏名1179,2004/03/24,1
10001180,氏名1180,2004/03/25,2
10001181,氏名1181,2004/03/26,1
10001182,氏名1182,2004/03/27,2
10001183,氏名1183,2004/03/28,1
10001184,氏名1184,2004/03/29,2
10001185,氏名1185,2004/03/30,1
10001186,氏名1186,2004/03/31,2
10001187,氏名1187,2004/04/01,1
10001188,氏名1188,2004/04/02,2
10001189,氏名1189,2004/04/03,1
10001190,氏名1190,2004/04/04,2
10001191,氏名1191,2004/04/05,1
10001192,氏名1192,2004/04/06,2
10001193,氏名1193,2004/04/07,1
10001194,氏名1194,2004/04/08,2
10001195,氏名1195,2004/04/09,1
10001196,氏名1196,2004/04/10,2
10001197,氏名1197,2004/04/11,1
10001198,氏名1198,2004/04/12,2
10001199,氏名1199,2004/04/13,1
10001200,氏名1200,2004/04/14,2
10001201,氏名1201,2004/04/15,1
10001202,氏名1202,2004/04/16,2
10001203,氏名1203,2004/04/17,1
10001204,氏名1204,2004/04/18,2
10001205,氏名1205,2004/04/19,1
10001206,氏名1206,2004/04/20,2
10001207,氏名1207,2004/04/21,1
10001208,氏名1208,2004/04/22,2
10001209,氏名1209,2004/04/23,1
10001210,氏名1210,2004/04/24,2
10001211,氏名1211,2004/04/25,1
10001212,氏名1212,2004/04/26,2
10001213,氏名1213,2004/04/27,1
10001214,氏名1214,2004/04/28,2
10001215,氏名1215,2004/04/29,1
10001216,氏名1216,2004/04/30,2
10001217,氏名1217,2004/05/01,1
10001218,氏名1218,2004/05/02,2
10001219,氏名1219,2004/05/03,1
10001220,氏名1220,2004/05/04,2
10001221,氏名1221,2004/05/05,1
10001222,氏名1222,2004/05/06,2
10001223,氏名1223,2004/05/07,1
10001224,氏名1224,2004/05/08,2
10001225,氏名1225,2004/05/09,1
10001226,氏名1226,2004/05/10,2
10001227,氏名1227,2004/05/11,1
10001228,氏名1228,2004/05/12,2
10001229,氏名1229,2004/05/13,1
10001230,氏名1230,2004/05/14,2
10001231,氏名1231,2004/05/15,1
10001232,氏名1232,2004/05/16,2
10001233,氏名1233,2004/05/17,1
10001234,氏名1234,2004/05/18,2
10001235,氏名1235,2004/05/19,1
10001236,氏名1236,2004/05/20,2
10001237,氏名1237,2004/05/21,1
10001238,氏名1238,2004/05/22,2
10001239,氏名1239,2004/05/23,1
10001240,氏名1240,2004/05/24,2
10001241,氏名1241,2004/05/25,1
10001242,氏名1242,2004/05/26,2
10001243,氏名1243,2004/05/27,1
10001244,氏名1244,2004/05/28,2
10001245,氏名1245,2004/05/29,1
10001246,氏名1246,2004/05/30,2
10001247,氏名1247,2004/05/31,1
10001248,氏名1248,2004/06/01,2
10001249,氏名1249,2004/06/02,1
10001250,氏名1250,2004/06/03,2
10001251,氏名1251,2004/06/04,1
10001252,氏名1252,2004/06/05,2
10001253,氏名1253,2004/06/06,1
10001254,氏名1254,2004/06/07,2
10001255,氏名1255,2004/06/08,1
10001256,氏名1256,2004/06/09,2
10001257,氏名1257,2004/06/10,1
10001258,氏名1258,2004/06/11,2
10001259,氏名1259,2004/06/12,1
10001260,氏名1260,2004/06/13,2
10001261,氏名1261,2004/06/14,1
10001262,氏名1262,2004/06/15,2
10001263,氏名1263,2004/06/16,1
10001264,氏名1264,2004/06/17,2
10001265,氏名1265,2004/06/18,1
10001266,氏名1266,2004/06/19,2
10001267,氏名1267,2004/06/20,1
10001268,氏名1268,2004/06/21,2
10001269,氏名1269,2004/06/22,1
10001270,氏名1270,2004/06/23,2
10001271,氏名1271,2004/06/24,1
10001272,氏名1272,2004/06/25,2
10001273,氏名1273,2004/06/26,1
10001274,氏名1274,2004/06/27,2
10001275,氏名1275,2004/06/28,1
10001276,氏名1276,2004/06/29,2
10001277,氏名1277,2004/06/30,1
10001278,氏名1278,2004/07/01,2
10001279,氏名1279,2004/07/02,1
10001280,氏名1280,2004/07/03,2
10001281,氏名1281,2004/07/04,1
10001282,氏名1282,2004/07/05,2
10001283,氏名1283,2004/07/06,1
10001284,氏名1284,2004/07/07,2
10001285,氏名1285,2004/07/08,1
10001286,氏名1286,2004/07/09,2
10001287,氏名1287,2004/07/10,1
10001288,氏名1288,2004/07/11,2
10001289,氏名1289,2004/07/12,1
10001290,氏名1290,2004/07/13,2
10001291,氏名1291,2004/07/14,1
10001292,氏名1292,2004/07/15,2
10001293,氏名1293,2004/07/16,1
10001294,氏名1294,2004/07/17,2
10001295,氏名1295,2004/07/18,1
10001296,氏名1296,2004/07/19,2
10001297,氏名1297,2004/07/20,1
10001298,氏名1298,2004/07/21,2
10001299,氏名1299,2004/07/22,1
10001300,氏名1300,2004/07/23,2
10001301,氏名1301,2004/07/24,1
10001302,氏名1302,2004/07/25,2
10001303,氏名1303,2004/07/26,1
10001304,氏名1304,2004/07/27,2